X0,k_HO2_wall,k_OH_wall,S_HO2,S_OH,cost,success,ier,mesg
4468915184783.748,4.6844643671477355,11.153186845357334,2.415868123272963e-10,3.562308180558482e-11,1532409.19997,True,2,The relative error between two consecutive iterates is at most 0.000000
4430593833959.035,4.473628803798653,10.772710804372661,2.428611562749081e-10,3.338112791634772e-11,1669030.18992,True,2,The relative error between two consecutive iterates is at most 0.000000
4611975664012.935,3.9811560405387993,11.000063505527343,2.343253276588209e-10,3.1844586493120796e-11,1271469.39884,True,3,Both actual and predicted relative reductions in the sum of squares  are at most 0.000000 and the relative error between two consecutive iterates is at   most 0.000000
4261006225177.077,3.9478319994577915,10.416109791445885,2.4463147406991193e-10,3.714684222963408e-11,1522496.9635,True,2,The relative error between two consecutive iterates is at most 0.000000
4531233171898.215,4.767036213087743,9.966968893752792,2.403145756499593e-10,3.3285630574923335e-11,1367729.12148,True,2,The relative error between two consecutive iterates is at most 0.000000
