X0,k_HO2_wall,k_OH_wall,S_HO2,S_OH,cost,success,ier,mesg
4929174168479.819,3.9451526297876427,11.712654748497743,2.2549372890585107e-10,2.953841281175659e-11,1377975.02555,True,2,The relative error between two consecutive iterates is at most 0.000000
4628373753645.7295,4.307379417541027,9.758789674913334,2.3529233686635653e-10,3.0817832825165354e-11,1296508.19584,True,2,The relative error between two consecutive iterates is at most 0.000000
4538561387774.6045,4.86545384325867,9.97832099166315,2.402498882873013e-10,3.9992765179052474e-11,1454150.81248,True,2,The relative error between two consecutive iterates is at most 0.000000
4795236736868.007,4.256494778310235,10.592812152656109,2.3051855633113512e-10,3.305449477273864e-11,1578010.79755,True,2,The relative error between two consecutive iterates is at most 0.000000
4931328019620.552,4.151918071038661,8.496047774106982,2.2644540142555755e-10,3.269893107642539e-11,1561088.49681,True,2,The relative error between two consecutive iterates is at most 0.000000
