,val,err
X0,8401580927202.1,74977598624.38573
k_HO2_wall,-0.20298057546231935,0.0027099464926428085
k_OH_wall,127.48937971597387,1.4192296095738233
S_HO2,2.0455433027447392e-10,7.717096823332051e-13
S_OH,5.8407766962224715e-12,2.8011415426698703e-13
