,val,err
X0,3662180005964.406,
k_HO2_wall,2.4777210452511302,
k_OH_wall,467.78637849421875,
S_HO2,5e-14,
S_OH,5e-14,
